Technique,Sample_Count,Percentage (%),Group
T1027,1464,6.54,Frequent (>=100)
T1059,1406,6.281,Frequent (>=100)
T1140,909,4.061,Frequent (>=100)
T1557,772,3.449,Frequent (>=100)
T1203,756,3.377,Frequent (>=100)
T1055,691,3.087,Frequent (>=100)
T1606,662,2.957,Frequent (>=100)
T1204,580,2.591,Frequent (>=100)
T1105,579,2.587,Frequent (>=100)
T1078,579,2.587,Frequent (>=100)
T1071,566,2.529,Frequent (>=100)
T1552,550,2.457,Frequent (>=100)
T1566,543,2.426,Frequent (>=100)
T1499,499,2.229,Frequent (>=100)
T1106,403,1.8,Frequent (>=100)
T1056,377,1.684,Frequent (>=100)
T1053,373,1.666,Frequent (>=100)
T1110,367,1.64,Frequent (>=100)
T1021,325,1.452,Frequent (>=100)
T1003,317,1.416,Frequent (>=100)
T1190,298,1.331,Frequent (>=100)
T1090,293,1.309,Frequent (>=100)
T1562,291,1.3,Frequent (>=100)
T1609,281,1.255,Frequent (>=100)
T1082,278,1.242,Frequent (>=100)
T1040,271,1.211,Frequent (>=100)
T1600,269,1.202,Frequent (>=100)
T1005,262,1.17,Frequent (>=100)
T1070,259,1.157,Frequent (>=100)
T1195,257,1.148,Frequent (>=100)
T1574,244,1.09,Frequent (>=100)
T1565,229,1.023,Frequent (>=100)
T1112,224,1.001,Frequent (>=100)
T1547,220,0.983,Frequent (>=100)
T1083,216,0.965,Frequent (>=100)
T1041,216,0.965,Frequent (>=100)
T1036,201,0.898,Frequent (>=100)
T1218,198,0.885,Frequent (>=100)
T1047,191,0.853,Frequent (>=100)
T1530,187,0.835,Frequent (>=100)
T1189,180,0.804,Frequent (>=100)
T1595,170,0.759,Frequent (>=100)
T1057,168,0.751,Frequent (>=100)
T1068,166,0.742,Frequent (>=100)
T1543,156,0.697,Frequent (>=100)
T1210,153,0.684,Frequent (>=100)
T1200,150,0.67,Frequent (>=100)
T1556,145,0.648,Frequent (>=100)
T1548,133,0.594,Frequent (>=100)
T1601,132,0.59,Frequent (>=100)
T1542,126,0.563,Frequent (>=100)
T1592,122,0.545,Frequent (>=100)
T1570,120,0.536,Frequent (>=100)
T1113,120,0.536,Frequent (>=100)
T1573,120,0.536,Frequent (>=100)
T1546,117,0.523,Frequent (>=100)
T1095,112,0.5,Frequent (>=100)
T1219,109,0.487,Frequent (>=100)
T1016,106,0.474,Frequent (>=100)
T1585,106,0.474,Frequent (>=100)
T1602,99,0.442,Medium (30-99)
T1033,97,0.433,Medium (30-99)
T1583,93,0.415,Medium (30-99)
T1498,91,0.407,Medium (30-99)
T1608,89,0.398,Medium (30-99)
T1496,85,0.38,Medium (30-99)
T1564,83,0.371,Medium (30-99)
T1611,82,0.366,Medium (30-99)
T1046,82,0.366,Medium (30-99)
T1201,81,0.362,Medium (30-99)
T1518,79,0.353,Medium (30-99)
T1087,79,0.353,Medium (30-99)
T1589,78,0.348,Medium (30-99)
T1208,74,0.331,Medium (30-99)
T1555,72,0.322,Medium (30-99)
T1123,64,0.286,Medium (30-99)
T1176,63,0.281,Medium (30-99)
T1074,59,0.264,Medium (30-99)
T1586,59,0.264,Medium (30-99)
T1569,56,0.25,Medium (30-99)
T0859,54,0.241,Medium (30-99)
T1114,52,0.232,Medium (30-99)
T1486,51,0.228,Medium (30-99)
T1484,50,0.223,Medium (30-99)
T1622,48,0.214,Medium (30-99)
T1012,48,0.214,Medium (30-99)
T1505,48,0.214,Medium (30-99)
T1048,46,0.206,Medium (30-99)
T1185,45,0.201,Medium (30-99)
T1001,44,0.197,Medium (30-99)
T1213,44,0.197,Medium (30-99)
T1550,43,0.192,Medium (30-99)
T1584,43,0.192,Medium (30-99)
T0810,42,0.188,Medium (30-99)
T1554,41,0.183,Medium (30-99)
T1495,41,0.183,Medium (30-99)
T1214,40,0.179,Medium (30-99)
T1020,38,0.17,Medium (30-99)
T1647,37,0.165,Medium (30-99)
T1631,37,0.165,Medium (30-99)
T0835,37,0.165,Medium (30-99)
T1430,37,0.165,Medium (30-99)
T1539,36,0.161,Medium (30-99)
T1587,34,0.152,Medium (30-99)
T1531,32,0.143,Medium (30-99)
T1553,32,0.143,Medium (30-99)
T1211,31,0.138,Medium (30-99)
T1421,30,0.134,Medium (30-99)
T1621,29,0.13,Rare (<30)
T1134,29,0.13,Rare (<30)
T1590,28,0.125,Rare (<30)
T1642,27,0.121,Rare (<30)
T1098,27,0.121,Rare (<30)
T1081,26,0.116,Rare (<30)
T1537,26,0.116,Rare (<30)
T1133,26,0.116,Rare (<30)
T1119,24,0.107,Rare (<30)
T1086,23,0.103,Rare (<30)
T1115,23,0.103,Rare (<30)
T1069,22,0.098,Rare (<30)
T1072,22,0.098,Rare (<30)
T0813,22,0.098,Rare (<30)
T1006,22,0.098,Rare (<30)
T1431,21,0.094,Rare (<30)
T1205,21,0.094,Rare (<30)
T1636,21,0.094,Rare (<30)
T1485,20,0.089,Rare (<30)
T1596,20,0.089,Rare (<30)
T1202,19,0.085,Rare (<30)
T1102,19,0.085,Rare (<30)
T1497,19,0.085,Rare (<30)
T1491,19,0.085,Rare (<30)
T0856,19,0.085,Rare (<30)
T1222,18,0.08,Rare (<30)
T1412,18,0.08,Rare (<30)
T1476,17,0.076,Rare (<30)
T1207,17,0.076,Rare (<30)
T1406,16,0.071,Rare (<30)
T1125,16,0.071,Rare (<30)
T0884,16,0.071,Rare (<30)
T1528,15,0.067,Rare (<30)
T0846,15,0.067,Rare (<30)
T1129,14,0.063,Rare (<30)
T1525,14,0.063,Rare (<30)
T1037,14,0.063,Rare (<30)
T1420,14,0.063,Rare (<30)
T1615,13,0.058,Rare (<30)
T1136,13,0.058,Rare (<30)
T1588,13,0.058,Rare (<30)
T1560,12,0.054,Rare (<30)
T1598,12,0.054,Rare (<30)
T1646,12,0.054,Rare (<30)
T1091,12,0.054,Rare (<30)
T1221,12,0.054,Rare (<30)
T1529,11,0.049,Rare (<30)
T1648,11,0.049,Rare (<30)
T1603,11,0.049,Rare (<30)
T1630,11,0.049,Rare (<30)
T0851,11,0.049,Rare (<30)
T1640,11,0.049,Rare (<30)
T1437,11,0.049,Rare (<30)
T1591,11,0.049,Rare (<30)
T1614,11,0.049,Rare (<30)
T1429,11,0.049,Rare (<30)
T0853,10,0.045,Rare (<30)
T1568,10,0.045,Rare (<30)
T1212,10,0.045,Rare (<30)
T1410,10,0.045,Rare (<30)
T0886,10,0.045,Rare (<30)
T1572,10,0.045,Rare (<30)
T1490,10,0.045,Rare (<30)
T1559,10,0.045,Rare (<30)
T1220,9,0.04,Rare (<30)
T1558,9,0.04,Rare (<30)
T1199,9,0.04,Rare (<30)
T1649,9,0.04,Rare (<30)
T1422,9,0.04,Rare (<30)
T1135,9,0.04,Rare (<30)
T1127,8,0.036,Rare (<30)
T1643,8,0.036,Rare (<30)
T1464,8,0.036,Rare (<30)
T1131,8,0.036,Rare (<30)
T1075,8,0.036,Rare (<30)
T1620,8,0.036,Rare (<30)
T1654,8,0.036,Rare (<30)
T1010,8,0.036,Rare (<30)
T1120,8,0.036,Rare (<30)
T1512,8,0.036,Rare (<30)
T0804,8,0.036,Rare (<30)
T1567,8,0.036,Rare (<30)
T1030,8,0.036,Rare (<30)
T1610,8,0.036,Rare (<30)
T0866,7,0.031,Rare (<30)
T1052,7,0.031,Rare (<30)
T1084,7,0.031,Rare (<30)
T1137,7,0.031,Rare (<30)
T0860,7,0.031,Rare (<30)
T1599,7,0.031,Rare (<30)
T1417,7,0.031,Rare (<30)
T1416,7,0.031,Rare (<30)
T1216,7,0.031,Rare (<30)
T1209,7,0.031,Rare (<30)
T1571,7,0.031,Rare (<30)
T1612,7,0.031,Rare (<30)
T0806,6,0.027,Rare (<30)
T1043,6,0.027,Rare (<30)
T1482,6,0.027,Rare (<30)
T1411,6,0.027,Rare (<30)
T1049,6,0.027,Rare (<30)
T1489,6,0.027,Rare (<30)
T0812,6,0.027,Rare (<30)
T1563,6,0.027,Rare (<30)
T1582,6,0.027,Rare (<30)
T0815,6,0.027,Rare (<30)
T0887,6,0.027,Rare (<30)
T0814,6,0.027,Rare (<30)
T1561,6,0.027,Rare (<30)
T1014,6,0.027,Rare (<30)
T0811,6,0.027,Rare (<30)
T0855,6,0.027,Rare (<30)
T0805,5,0.022,Rare (<30)
T1477,5,0.022,Rare (<30)
T0880,5,0.022,Rare (<30)
T1029,5,0.022,Rare (<30)
T1526,5,0.022,Rare (<30)
T1064,5,0.022,Rare (<30)
T1008,5,0.022,Rare (<30)
T0850,5,0.022,Rare (<30)
T1217,5,0.022,Rare (<30)
T1407,5,0.022,Rare (<30)
T1535,5,0.022,Rare (<30)
T1607,5,0.022,Rare (<30)
T0816,5,0.022,Rare (<30)
T0861,4,0.018,Rare (<30)
T0882,4,0.018,Rare (<30)
T0807,4,0.018,Rare (<30)
T1409,4,0.018,Rare (<30)
T0838,4,0.018,Rare (<30)
T1521,4,0.018,Rare (<30)
T1018,4,0.018,Rare (<30)
T0820,4,0.018,Rare (<30)
T0847,4,0.018,Rare (<30)
T0830,4,0.018,Rare (<30)
T1111,4,0.018,Rare (<30)
T0857,4,0.018,Rare (<30)
T1025,4,0.018,Rare (<30)
T1022,3,0.013,Rare (<30)
T1076,3,0.013,Rare (<30)
T1470,3,0.013,Rare (<30)
T1467,3,0.013,Rare (<30)
T1461,3,0.013,Rare (<30)
T1116,3,0.013,Rare (<30)
T0829,3,0.013,Rare (<30)
T1060,3,0.013,Rare (<30)
T0842,3,0.013,Rare (<30)
T1444,3,0.013,Rare (<30)
T1039,3,0.013,Rare (<30)
T1028,3,0.013,Rare (<30)
T1632,3,0.013,Rare (<30)
T1002,3,0.013,Rare (<30)
T1141,3,0.013,Rare (<30)
T1426,2,0.009,Rare (<30)
T1132,2,0.009,Rare (<30)
T1475,2,0.009,Rare (<30)
T1206,2,0.009,Rare (<30)
T1471,2,0.009,Rare (<30)
T1580,2,0.009,Rare (<30)
T0802,2,0.009,Rare (<30)
T1492,2,0.009,Rare (<30)
T1398,2,0.009,Rare (<30)
T0803,2,0.009,Rare (<30)
T1391,2,0.009,Rare (<30)
T1401,2,0.009,Rare (<30)
T1639,2,0.009,Rare (<30)
T1077,2,0.009,Rare (<30)
T1578,2,0.009,Rare (<30)
T8030,2,0.009,Rare (<30)
T0872,2,0.009,Rare (<30)
T0890,2,0.009,Rare (<30)
T0833,2,0.009,Rare (<30)
T1641,2,0.009,Rare (<30)
T1637,2,0.009,Rare (<30)
T1494,2,0.009,Rare (<30)
T1522,2,0.009,Rare (<30)
T0895,2,0.009,Rare (<30)
T1150,2,0.009,Rare (<30)
T1425,1,0.004,Rare (<30)
T1121,1,0.004,Rare (<30)
T1400,1,0.004,Rare (<30)
T0871,1,0.004,Rare (<30)
T1045,1,0.004,Rare (<30)
T0819,1,0.004,Rare (<30)
T1197,1,0.004,Rare (<30)
T1175,1,0.004,Rare (<30)
T1145,1,0.004,Rare (<30)
T1593,1,0.004,Rare (<30)
T1605,1,0.004,Rare (<30)
T0858,1,0.004,Rare (<30)
T1050,1,0.004,Rare (<30)
T2232,1,0.004,Rare (<30)
T0896,1,0.004,Rare (<30)
T1100,1,0.004,Rare (<30)
T1613,1,0.004,Rare (<30)
T1504,1,0.004,Rare (<30)
T1215,1,0.004,Rare (<30)
T1625,1,0.004,Rare (<30)
T1094,1,0.004,Rare (<30)
T8042,1,0.004,Rare (<30)
T8031,1,0.004,Rare (<30)
T1387,1,0.004,Rare (<30)
T1329,1,0.004,Rare (<30)
T1480,1,0.004,Rare (<30)
T1017,1,0.004,Rare (<30)
T0889,1,0.004,Rare (<30)
T0821,1,0.004,Rare (<30)
T0809,1,0.004,Rare (<30)
T0885,1,0.004,Rare (<30)
T0881,1,0.004,Rare (<30)
T0883,1,0.004,Rare (<30)
T1397,1,0.004,Rare (<30)
T1581,1,0.004,Rare (<30)
T1441,1,0.004,Rare (<30)
T1657,1,0.004,Rare (<30)
T1516,1,0.004,Rare (<30)
T8041,1,0.004,Rare (<30)
T8051,1,0.004,Rare (<30)
T8032,1,0.004,Rare (<30)
T8050,1,0.004,Rare (<30)
T8043,1,0.004,Rare (<30)
T8040,1,0.004,Rare (<30)
T1117,1,0.004,Rare (<30)
T0844,1,0.004,Rare (<30)
T1089,1,0.004,Rare (<30)
T1124,1,0.004,Rare (<30)
T1066,1,0.004,Rare (<30)
T1514,1,0.004,Rare (<30)
T1096,1,0.004,Rare (<30)
T1011,1,0.004,Rare (<30)
T1173,1,0.004,Rare (<30)
T1062,1,0.004,Rare (<30)
T1534,1,0.004,Rare (<30)
T1623,1,0.004,Rare (<30)
T1080,1,0.004,Rare (<30)
T1474,1,0.004,Rare (<30)
T0870,1,0.004,Rare (<30)
T1629,1,0.004,Rare (<30)
T1085,1,0.004,Rare (<30)
T1171,1,0.004,Rare (<30)
T1650,1,0.004,Rare (<30)
T1604,1,0.004,Rare (<30)
T0869,1,0.004,Rare (<30)
T1618,1,0.004,Rare (<30)
T1396,1,0.004,Rare (<30)
T1193,1,0.004,Rare (<30)
T1092,1,0.004,Rare (<30)
T1159,1,0.004,Rare (<30)
T1436,1,0.004,Rare (<30)
T1440,1,0.004,Rare (<30)
T1154,1,0.004,Rare (<30)
T0817,1,0.004,Rare (<30)
T0837,1,0.004,Rare (<30)
T1139,1,0.004,Rare (<30)
T0854,1,0.004,Rare (<30)
T0808,1,0.004,Rare (<30)
T1438,1,0.004,Rare (<30)
T0831,1,0.004,Rare (<30)
T0832,1,0.004,Rare (<30)
T1402,1,0.004,Rare (<30)
T1408,1,0.004,Rare (<30)
T1148,1,0.004,Rare (<30)
T0849,1,0.004,Rare (<30)
T1424,1,0.004,Rare (<30)
T1418,1,0.004,Rare (<30)
T1446,1,0.004,Rare (<30)
T1435,1,0.004,Rare (<30)
T1432,1,0.004,Rare (<30)
T1447,1,0.004,Rare (<30)
T1527,1,0.004,Rare (<30)
