Technique_ID,Original_Train_Support,Stage1_Train_Support,Test_Support,Precision,Recall,F1,TP,FP,FN,Threshold,Support_Bucket,Prediction_Mode
T1001,40,78,11,0.75,0.5454545454545454,0.631578947368421,6,2,5,0.57,Medium,global
T1003,237,237,68,0.8833333333333333,0.7794117647058824,0.828125,53,7,15,0.57,Head,global
T1005,156,156,44,0.7297297297297297,0.6136363636363636,0.6666666666666666,27,10,17,0.57,Head,global
T1006,3,78,1,1.0,1.0,1.0,1,0,0,0.57,Tail,global
T1007,34,78,10,0.8,0.8,0.8,8,2,2,0.57,Medium,global
T1008,31,78,9,0.5,0.3333333333333333,0.4,3,3,6,0.57,Medium,global
T1010,17,78,5,1.0,1.0,1.0,5,0,0,0.57,Tail,global
T1011,5,78,2,1.0,1.0,1.0,2,0,0,0.57,Tail,global
T1012,88,88,25,0.7083333333333334,0.68,0.6938775510204082,17,7,8,0.57,Medium,global
T1014,19,78,5,0.8333333333333334,1.0,0.9090909090909091,5,1,0,0.57,Tail,global
T1016,182,182,52,0.8,0.7692307692307693,0.7843137254901961,40,10,12,0.57,Head,global
T1018,40,78,12,1.0,0.5833333333333334,0.7368421052631579,7,0,5,0.57,Medium,global
T1020,18,78,5,0.6666666666666666,0.4,0.5,2,1,3,0.57,Tail,global
T1021,226,226,64,0.8,0.75,0.7741935483870968,48,12,16,0.57,Head,global
T1025,18,78,5,0.2,0.2,0.2,1,4,4,0.57,Tail,global
T1027,1105,1110,316,0.7392550143266475,0.8164556962025317,0.7759398496240602,258,91,58,0.57,Head,global
T1029,12,78,4,0.5,0.25,0.3333333333333333,1,1,3,0.57,Tail,global
T1030,9,78,3,0.75,1.0,0.8571428571428571,3,1,0,0.57,Tail,global
T1033,153,153,44,0.8372093023255814,0.8181818181818182,0.8275862068965517,36,7,8,0.57,Head,global
T1036,280,280,80,0.7375,0.7375,0.7375,59,21,21,0.57,Head,global
T1037,32,78,9,0.6666666666666666,0.2222222222222222,0.3333333333333333,2,1,7,0.57,Medium,global
T1039,10,78,3,0.3333333333333333,0.3333333333333333,0.3333333333333333,1,2,2,0.57,Tail,global
T1040,12,78,4,0.6666666666666666,0.5,0.5714285714285714,2,1,2,0.57,Tail,global
T1041,165,165,47,0.6470588235294118,0.7021276595744681,0.673469387755102,33,18,14,0.57,Head,global
T1046,31,78,9,1.0,0.5555555555555556,0.7142857142857143,5,0,4,0.57,Medium,global
T1047,142,142,40,0.8095238095238095,0.85,0.8292682926829268,34,8,6,0.57,Head,global
T1048,37,78,11,0.4,0.18181818181818182,0.25,2,3,9,0.57,Medium,global
T1049,51,78,14,0.6363636363636364,0.5,0.56,7,4,7,0.57,Medium,global
T1052,10,78,3,0.3333333333333333,0.3333333333333333,0.3333333333333333,1,2,2,0.57,Tail,global
T1053,242,243,69,0.927536231884058,0.927536231884058,0.927536231884058,64,5,5,0.57,Head,global
T1055,502,502,143,0.8571428571428571,0.8811188811188811,0.8689655172413793,126,21,17,0.57,Head,global
T1056,156,156,44,0.8837209302325582,0.8636363636363636,0.8735632183908046,38,5,6,0.57,Head,global
T1057,227,227,65,0.873015873015873,0.8461538461538461,0.859375,55,8,10,0.57,Head,global
T1059,807,808,231,0.8230088495575221,0.8051948051948052,0.8140043763676149,186,40,45,0.57,Head,global
T1068,37,78,11,0.7,0.6363636363636364,0.6666666666666666,7,3,4,0.57,Medium,global
T1069,45,78,13,0.9,0.6923076923076923,0.782608695652174,9,1,4,0.57,Medium,global
T1070,329,329,94,0.8252427184466019,0.9042553191489362,0.8629441624365483,85,18,9,0.57,Head,global
T1071,432,432,124,0.823076923076923,0.8629032258064516,0.84251968503937,107,23,17,0.57,Head,global
T1072,20,78,6,1.0,0.5,0.6666666666666666,3,0,3,0.57,Medium,global
T1074,103,103,29,0.7307692307692307,0.6551724137931034,0.6909090909090909,19,7,10,0.57,Head,global
T1078,257,263,74,0.7808219178082192,0.7702702702702703,0.7755102040816326,57,16,17,0.57,Head,global
T1080,16,78,4,1.0,0.25,0.4,1,0,3,0.57,Tail,global
T1082,332,332,95,0.7475728155339806,0.8105263157894737,0.7777777777777778,77,26,18,0.57,Head,global
T1083,287,287,82,0.84,0.7682926829268293,0.802547770700637,63,12,19,0.57,Head,global
T1087,66,78,19,0.625,0.5263157894736842,0.5714285714285714,10,6,9,0.57,Medium,global
T1090,254,254,73,0.8356164383561644,0.8356164383561644,0.8356164383561644,61,12,12,0.57,Head,global
T1091,17,78,5,0.3333333333333333,0.2,0.25,1,2,4,0.57,Tail,global
T1092,4,78,1,0.5,1.0,0.6666666666666666,1,1,0,0.57,Tail,global
T1095,98,98,28,0.8518518518518519,0.8214285714285714,0.8363636363636363,23,4,5,0.57,Medium,global
T1098,33,78,10,0.625,0.5,0.5555555555555556,5,3,5,0.57,Medium,global
T1102,71,78,20,0.6470588235294118,0.55,0.5945945945945946,11,6,9,0.57,Medium,global
T1104,12,78,3,0.0,0.0,0.0,0,0,3,0.57,Tail,global
T1105,547,547,156,0.7806451612903226,0.7756410256410257,0.7781350482315113,121,34,35,0.57,Head,global
T1106,304,305,87,0.7291666666666666,0.8045977011494253,0.7650273224043715,70,26,17,0.57,Head,global
T1110,112,112,32,0.8666666666666667,0.8125,0.8387096774193549,26,4,6,0.57,Head,global
T1111,9,78,3,1.0,1.0,1.0,3,0,0,0.57,Tail,global
T1112,203,203,58,0.7205882352941176,0.8448275862068966,0.7777777777777778,49,19,9,0.57,Head,global
T1113,117,117,33,0.8823529411764706,0.9090909090909091,0.8955223880597015,30,4,3,0.57,Head,global
T1114,36,78,10,0.75,0.6,0.6666666666666666,6,2,4,0.57,Medium,global
T1115,22,78,6,0.7142857142857143,0.8333333333333334,0.7692307692307693,5,2,1,0.57,Medium,global
T1119,33,78,10,0.4,0.2,0.26666666666666666,2,3,8,0.57,Medium,global
T1120,31,78,9,0.7142857142857143,0.5555555555555556,0.625,5,2,4,0.57,Medium,global
T1123,19,78,5,1.0,1.0,1.0,5,0,0,0.57,Tail,global
T1124,45,78,13,0.8571428571428571,0.9230769230769231,0.8888888888888888,12,2,1,0.57,Medium,global
T1125,19,78,5,0.8333333333333334,1.0,0.9090909090909091,5,1,0,0.57,Tail,global
T1127,9,78,3,1.0,0.6666666666666666,0.8,2,0,1,0.57,Tail,global
T1129,15,78,4,0.75,0.75,0.75,3,1,1,0.57,Tail,global
T1132,66,78,19,0.9411764705882353,0.8421052631578947,0.8888888888888888,16,1,3,0.57,Medium,global
T1133,26,78,8,0.6666666666666666,0.5,0.5714285714285714,4,2,4,0.57,Medium,global
T1134,52,78,15,0.7142857142857143,0.6666666666666666,0.6896551724137931,10,4,5,0.57,Medium,global
T1135,31,78,9,0.5833333333333334,0.7777777777777778,0.6666666666666666,7,5,2,0.57,Medium,global
T1136,27,78,8,0.7,0.875,0.7777777777777778,7,3,1,0.57,Medium,global
T1137,38,78,11,0.7,0.6363636363636364,0.6666666666666666,7,3,4,0.57,Medium,global
T1140,616,616,176,0.884393063583815,0.8693181818181818,0.8767908309455588,153,20,23,0.57,Head,global
T1176,11,78,3,1.0,0.6666666666666666,0.8,2,0,1,0.57,Tail,global
T1185,15,78,4,0.0,0.0,0.0,0,2,4,0.57,Tail,global
T1187,12,78,4,0.0,0.0,0.0,0,0,4,0.57,Tail,global
T1189,37,78,10,0.2857142857142857,0.2,0.23529411764705882,2,5,8,0.57,Medium,global
T1190,88,88,25,0.8076923076923077,0.84,0.8235294117647058,21,5,4,0.57,Medium,global
T1195,19,78,6,1.0,0.3333333333333333,0.5,2,0,4,0.57,Tail,global
T1197,15,78,4,0.5,0.75,0.6,3,3,1,0.57,Tail,global
T1199,8,78,2,0.0,0.0,0.0,0,1,2,0.57,Tail,global
T1200,3,78,1,0.0,0.0,0.0,0,0,1,0.57,Tail,global
T1201,7,78,2,1.0,0.5,0.6666666666666666,1,0,1,0.57,Tail,global
T1202,3,78,1,0.0,0.0,0.0,0,0,1,0.57,Tail,global
T1203,44,78,12,0.8181818181818182,0.75,0.782608695652174,9,2,3,0.57,Medium,global
T1204,244,244,70,0.7746478873239436,0.7857142857142857,0.7801418439716312,55,16,15,0.57,Head,global
T1205,20,78,6,1.0,0.3333333333333333,0.5,2,0,4,0.57,Medium,global
T1207,5,78,2,0.0,0.0,0.0,0,0,2,0.57,Tail,global
T1210,33,78,10,0.625,0.5,0.5555555555555556,5,3,5,0.57,Medium,global
T1211,4,78,1,0.0,0.0,0.0,0,0,1,0.57,Tail,global
T1212,3,78,1,0.0,0.0,0.0,0,0,1,0.57,Tail,global
T1213,17,78,5,0.75,0.6,0.6666666666666666,3,1,2,0.57,Tail,global
T1216,10,78,3,0.5,0.3333333333333333,0.4,1,1,2,0.57,Tail,global
T1217,8,78,2,1.0,1.0,1.0,2,0,0,0.57,Tail,global
T1218,225,225,64,0.9310344827586207,0.84375,0.8852459016393442,54,4,10,0.57,Head,global
T1219,86,86,24,0.9411764705882353,0.6666666666666666,0.7804878048780488,16,1,8,0.57,Medium,global
T1220,10,78,3,1.0,0.6666666666666666,0.8,2,0,1,0.57,Tail,global
T1221,13,78,4,1.0,0.5,0.6666666666666666,2,0,2,0.57,Tail,global
T1222,25,78,7,0.8,0.5714285714285714,0.6666666666666666,4,1,3,0.57,Medium,global
T1480,24,78,7,0.8,0.5714285714285714,0.6666666666666666,4,1,3,0.57,Medium,global
T1482,10,78,3,1.0,1.0,1.0,3,0,0,0.57,Tail,global
T1484,49,78,14,0.9166666666666666,0.7857142857142857,0.8461538461538461,11,1,3,0.57,Medium,global
T1485,17,78,5,1.0,0.8,0.8888888888888888,4,0,1,0.57,Tail,global
T1486,37,78,11,0.8,0.36363636363636365,0.5,4,1,7,0.57,Medium,global
T1489,22,78,6,1.0,0.8333333333333334,0.9090909090909091,5,0,1,0.57,Medium,global
T1490,19,78,6,0.75,1.0,0.8571428571428571,6,2,0,0.57,Tail,global
T1491,9,78,3,1.0,0.6666666666666666,0.8,2,0,1,0.57,Tail,global
T1495,3,78,1,0.0,0.0,0.0,0,1,1,0.57,Tail,global
T1496,12,78,4,0.75,0.75,0.75,3,1,1,0.57,Tail,global
T1497,84,84,24,0.5909090909090909,0.5416666666666666,0.5652173913043478,13,9,11,0.57,Medium,global
T1498,23,78,6,0.375,0.5,0.42857142857142855,3,5,3,0.57,Medium,global
T1499,34,78,10,0.5714285714285714,0.4,0.47058823529411764,4,3,6,0.57,Medium,global
T1505,48,78,14,1.0,0.5,0.6666666666666666,7,0,7,0.57,Medium,global
T1518,128,128,37,0.6578947368421053,0.6756756756756757,0.6666666666666666,25,13,12,0.57,Head,global
T1525,4,78,1,0.0,0.0,0.0,0,0,1,0.57,Tail,global
T1526,4,78,1,0.0,0.0,0.0,0,1,1,0.57,Tail,global
T1528,9,78,2,0.0,0.0,0.0,0,2,2,0.57,Tail,global
T1529,11,78,3,1.0,1.0,1.0,3,0,0,0.57,Tail,global
T1530,6,78,2,0.5,0.5,0.5,1,1,1,0.57,Tail,global
T1531,3,78,1,0.0,0.0,0.0,0,0,1,0.57,Tail,global
T1534,7,78,2,0.0,0.0,0.0,0,0,2,0.57,Tail,global
T1535,5,78,2,0.0,0.0,0.0,0,0,2,0.57,Tail,global
T1537,3,78,1,0.0,0.0,0.0,0,0,1,0.57,Tail,global
T1538,3,78,1,0.0,0.0,0.0,0,0,1,0.57,Tail,global
T1539,12,78,4,0.6666666666666666,1.0,0.8,4,2,0,0.57,Tail,global
T1542,29,78,8,0.4,0.25,0.3076923076923077,2,3,6,0.57,Medium,global
T1543,181,182,52,0.7543859649122807,0.8269230769230769,0.7889908256880734,43,14,9,0.57,Head,global
T1546,122,122,35,0.8260869565217391,0.5428571428571428,0.6551724137931034,19,4,16,0.57,Head,global
T1547,338,338,96,0.782608695652174,0.75,0.7659574468085106,72,20,24,0.57,Head,global
T1548,92,92,26,0.85,0.6538461538461539,0.7391304347826086,17,3,9,0.57,Medium,global
T1550,44,78,13,0.9,0.6923076923076923,0.782608695652174,9,1,4,0.57,Medium,global
T1552,86,86,25,0.7647058823529411,0.52,0.6190476190476191,13,4,12,0.57,Medium,global
T1553,98,98,28,0.68,0.6071428571428571,0.6415094339622641,17,8,11,0.57,Medium,global
T1554,11,78,3,1.0,0.6666666666666666,0.8,2,0,1,0.57,Tail,global
T1555,99,99,28,0.5714285714285714,0.7142857142857143,0.6349206349206349,20,15,8,0.57,Medium,global
T1556,30,78,8,0.2857142857142857,0.25,0.26666666666666666,2,5,6,0.57,Medium,global
T1557,31,78,9,1.0,0.5555555555555556,0.7142857142857143,5,0,4,0.57,Medium,global
T1558,37,78,11,0.6153846153846154,0.7272727272727273,0.6666666666666666,8,5,3,0.57,Medium,global
T1559,33,78,10,1.0,0.6,0.75,6,0,4,0.57,Medium,global
T1560,98,98,28,0.7727272727272727,0.6071428571428571,0.68,17,5,11,0.57,Medium,global
T1561,22,78,6,0.5714285714285714,0.6666666666666666,0.6153846153846154,4,3,2,0.57,Medium,global
T1562,230,231,66,0.7868852459016393,0.7272727272727273,0.7559055118110236,48,13,18,0.57,Head,global
T1563,16,78,5,0.5,0.2,0.2857142857142857,1,1,4,0.57,Tail,global
T1564,140,140,40,0.8055555555555556,0.725,0.7631578947368421,29,7,11,0.57,Head,global
T1565,16,78,5,1.0,0.2,0.3333333333333333,1,0,4,0.57,Tail,global
T1566,242,244,69,0.8115942028985508,0.8115942028985508,0.8115942028985508,56,13,13,0.57,Head,global
T1567,19,78,6,0.5,0.3333333333333333,0.4,2,2,4,0.57,Tail,global
T1568,38,78,11,0.5714285714285714,0.36363636363636365,0.4444444444444444,4,3,7,0.57,Medium,global
T1569,68,78,20,0.6666666666666666,0.5,0.5714285714285714,10,5,10,0.57,Medium,global
T1570,87,90,25,0.7894736842105263,0.6,0.6818181818181818,15,4,10,0.57,Medium,global
T1571,23,78,7,0.6666666666666666,0.8571428571428571,0.75,6,3,1,0.57,Medium,global
T1572,14,78,4,0.6666666666666666,0.5,0.5714285714285714,2,1,2,0.57,Tail,global
T1573,206,206,59,0.7936507936507936,0.847457627118644,0.819672131147541,50,13,9,0.57,Head,global
T1574,217,217,62,0.8909090909090909,0.7903225806451613,0.8376068376068376,49,6,13,0.57,Head,global
T1578,13,78,4,0.5,0.75,0.6,3,3,1,0.57,Tail,global
T1580,7,78,2,0.0,0.0,0.0,0,1,2,0.57,Tail,global
T1583,52,78,15,0.5,0.4,0.4444444444444444,6,6,9,0.57,Medium,global
T1584,31,78,9,0.6363636363636364,0.7777777777777778,0.7,7,4,2,0.57,Medium,global
T1585,25,78,7,0.8571428571428571,0.8571428571428571,0.8571428571428571,6,1,1,0.57,Medium,global
T1586,19,78,6,0.8333333333333334,0.8333333333333334,0.8333333333333334,5,1,1,0.57,Tail,global
T1587,33,78,10,0.8,0.4,0.5333333333333333,4,1,6,0.57,Medium,global
T1588,74,78,21,0.7647058823529411,0.6190476190476191,0.6842105263157895,13,4,8,0.57,Medium,global
T1589,23,78,6,0.8,0.6666666666666666,0.7272727272727273,4,1,2,0.57,Medium,global
T1590,24,78,7,0.7777777777777778,1.0,0.875,7,2,0,0.57,Medium,global
T1591,17,78,5,0.5,0.4,0.4444444444444444,2,2,3,0.57,Tail,global
T1592,17,79,5,0.6666666666666666,0.8,0.7272727272727273,4,2,1,0.57,Tail,global
T1593,11,78,3,1.0,0.6666666666666666,0.8,2,0,1,0.57,Tail,global
T1594,4,78,1,1.0,1.0,1.0,1,0,0,0.57,Tail,global
T1595,13,78,4,0.75,0.75,0.75,3,1,1,0.57,Tail,global
T1596,24,78,7,0.5714285714285714,0.5714285714285714,0.5714285714285714,4,3,3,0.57,Medium,global
T1597,10,78,3,1.0,0.3333333333333333,0.5,1,0,2,0.57,Tail,global
T1598,23,78,7,0.4,0.2857142857142857,0.3333333333333333,2,3,5,0.57,Medium,global
T1599,13,78,4,1.0,0.25,0.4,1,0,3,0.57,Tail,global
T1600,11,78,3,1.0,1.0,1.0,3,0,0,0.57,Tail,global
T1601,24,78,7,0.5714285714285714,0.5714285714285714,0.5714285714285714,4,3,3,0.57,Medium,global
T1602,12,78,3,1.0,0.6666666666666666,0.8,2,0,1,0.57,Tail,global
T1606,18,78,5,1.0,0.8,0.8888888888888888,4,0,1,0.57,Tail,global
T1608,41,78,12,0.5,0.08333333333333333,0.14285714285714285,1,1,11,0.57,Medium,global
T1609,5,78,2,1.0,0.5,0.6666666666666666,1,0,1,0.57,Tail,global
T1610,6,78,2,1.0,0.5,0.6666666666666666,1,0,1,0.57,Tail,global
T1611,8,78,2,1.0,0.5,0.6666666666666666,1,0,1,0.57,Tail,global
T1612,3,78,1,0.5,1.0,0.6666666666666666,1,1,0,0.57,Tail,global
T1613,5,78,1,0.5,1.0,0.6666666666666666,1,1,0,0.57,Tail,global
T1614,24,78,7,0.75,0.8571428571428571,0.8,6,2,1,0.57,Medium,global
T1615,5,79,1,0.5,1.0,0.6666666666666666,1,1,0,0.57,Tail,global
T1619,3,78,1,0.0,0.0,0.0,0,1,1,0.57,Tail,global
T1620,7,78,2,0.0,0.0,0.0,0,0,2,0.57,Tail,global
