minority_threshold,global_threshold,minority_macro_f2,minority_macro_recall,overall_micro_precision,overall_micro_recall,overall_micro_f1,overall_macro_precision,overall_macro_recall,overall_macro_f1,hamming_loss
0.05,0.74,0.005640063710871708,0.95625,0.01455704858617978,0.8052009456264776,0.028597096630647422,0.48925096740653345,0.8136930300170149,0.43335900490483364,0.301967406510346
0.06,0.74,0.0071112324688342885,0.89375,0.019194444130255284,0.8023640661938535,0.03749199125113227,0.48937799425455164,0.7870972853361639,0.433612140352486,0.22741319190695927
0.07,0.74,0.009856433384602684,0.86875,0.02682895944790908,0.8014184397163121,0.05191980763634693,0.4896159490283637,0.7764589874638234,0.4340858646753487,0.1615658864552231
0.08,0.74,0.014606393821044714,0.85,0.03951084039300801,0.8004728132387707,0.07530468819500044,0.49003130921411564,0.768480264059568,0.43491093424758503,0.10851794625519387
0.09,0.74,0.022614120668187482,0.8270833333333332,0.06047160697033671,0.7990543735224587,0.11243430244162066,0.49074343186118025,0.7587284910099228,0.43631943291042236,0.0696396133046583
0.1,0.74,0.03517745390435213,0.8020833333333333,0.09244434696786928,0.7971631205673759,0.16567582174617992,0.4918918758124882,0.7480901931375824,0.43857484298123783,0.044320151170317165
0.11,0.74,0.05609556856018938,0.7895833333333333,0.13916205272291546,0.7962174940898346,0.236916150815982,0.49389922911447315,0.7427710442014122,0.44246664608959674,0.028313114651410436
0.12,0.74,0.08740667841735694,0.7708333333333333,0.20622854340362923,0.7952718676122932,0.32752409697205725,0.497148229495659,0.7347923207971568,0.44863210735224096,0.018027164721358027
0.13,0.74,0.12818996553094705,0.7520833333333333,0.2876712328767123,0.7943262411347518,0.42237586423632933,0.5018525757870038,0.7268135973929015,0.45729243084785826,0.011992879961581025
0.14,0.74,0.18097832049980153,0.7333333333333333,0.3817974971558589,0.7933806146572104,0.5155145929339477,0.509426245059132,0.7188348739886462,0.47020237425057815,0.008231891925751154
0.15,0.74,0.23393167157425426,0.7208333333333333,0.4638804317741489,0.7924349881796691,0.585195530726257,0.5183587513834373,0.713515725052476,0.4845590186763812,0.0062013237842691
0.16,0.74,0.2937380147504702,0.7020833333333333,0.544744549300358,0.7914893617021277,0.6453353893600616,0.5303361621773511,0.7055370016482206,0.5029326649654317,0.004802371954147787
0.17,0.74,0.35116695094170164,0.6979166666666666,0.6125961186378616,0.791016548463357,0.6904663640115559,0.5432997106644073,0.7037639520028304,0.5219902215063789,0.003914977136533522
0.18,0.74,0.39980261858571314,0.6979166666666666,0.6565934065934066,0.791016548463357,0.7175638001286725,0.5619319376701053,0.7037639520028304,0.5433312515250602,0.003437349925876433
0.19,0.74,0.43552803718683214,0.6916666666666667,0.6926263463131731,0.7905437352245863,0.7383528372709207,0.5764894078268497,0.7011043775347453,0.559676893580489,0.003092831937861483
0.2,0.74,0.47111266461298495,0.6916666666666667,0.7191397849462365,0.7905437352245863,0.7531531531531531,0.596667586877962,0.7011043775347453,0.5782402763804175,0.0028605432944271607
0.21,0.74,0.49098629894192475,0.6854166666666666,0.7384003535130358,0.7900709219858156,0.7633622658748287,0.6090019215566334,0.6984448030666602,0.5895894014683445,0.0027039442089658197
0.22,0.74,0.5002974106539316,0.6645833333333333,0.7527075812274369,0.7886524822695036,0.7702609097206188,0.6193128798064214,0.68957955483971,0.597973778693707,0.00259693483390057
0.23,0.74,0.5166343938938038,0.6645833333333333,0.7644362969752521,0.7886524822695036,0.7763555969280894,0.6303753250443985,0.68957955483971,0.6077688004568139,0.0025081953521391433
0.24,0.74,0.5306884112180501,0.6604166666666667,0.7728326379230412,0.7881796690307329,0.7804307116104869,0.6418358650953642,0.6878065051943197,0.6175347437333956,0.0024481657027122963
0.25,0.74,0.5420301853182077,0.6604166666666667,0.7807962529274005,0.7881796690307329,0.7844705882352941,0.6499343269172302,0.6878065051943197,0.6245352491381562,0.0023907460380431377
0.26,0.74,0.5491110156720644,0.6541666666666666,0.7877068557919622,0.7877068557919622,0.7877068557919622,0.6575141141512727,0.6851469307262347,0.6306365650798977,0.0023437663124047355
0.27,0.74,0.5546115823568416,0.6541666666666666,0.7922016167379934,0.7877068557919622,0.7899478425794215,0.6659107706862272,0.6851469307262347,0.635094164218348,0.0023124464953124674
0.28,0.74,0.5608374388124775,0.6541666666666666,0.7971291866028708,0.7877068557919622,0.7923900118906064,0.6706389030739339,0.6851469307262347,0.6392362691583252,0.00227851669346251
0.29,0.74,0.5590686704076797,0.6416666666666666,0.8016369764082811,0.7872340425531915,0.7943702290076335,0.6739127125977435,0.6798277817900645,0.6408711590910875,0.002249806861127931
0.3,0.74,0.544969836289012,0.61875,0.8052325581395349,0.7858156028368795,0.7954055994256999,0.6748688929422219,0.6700760087404192,0.6379728753417399,0.002231536967824108
0.31,0.74,0.5464849878041635,0.61875,0.8067961165048544,0.7858156028368795,0.7961676646706587,0.6758820641681589,0.6700760087404192,0.6389185018192813,0.002221097028793352
0.32,0.74,0.5380387272149075,0.60625,0.8102439024390244,0.7853427895981088,0.7975990396158463,0.6751031887882197,0.6647568598042489,0.6368023555541987,0.0022002171507318397
0.33,0.74,0.5436365250461612,0.60625,0.8130200685266764,0.7853427895981088,0.798941798941799,0.6843230469442482,0.6647568598042489,0.6419568641661543,0.0021819472574280165
0.34,0.74,0.5422115793777945,0.6020833333333333,0.8149239077074129,0.7848699763593381,0.7996146435452793,0.6853488828105094,0.6629838101588589,0.6422101569726385,0.0021715073183972604
0.35,0.74,0.5359828356950068,0.5895833333333333,0.8180473372781065,0.7843971631205674,0.8008689355539464,0.686855975009091,0.6576646612226886,0.6417922238419395,0.0021532374250934376
0.36,0.74,0.5362712614720161,0.5854166666666666,0.8207920792079207,0.7839243498817967,0.8019347037484885,0.6906933610273281,0.6558916115772986,0.6435357226599063,0.0021375775165473035
0.37,0.74,0.5394620810690858,0.5854166666666666,0.8224206349206349,0.7839243498817967,0.8027112079399661,0.6940621553535693,0.6558916115772986,0.6459420043215072,0.0021271375775165475
0.38,0.74,0.5405781524976572,0.5854166666666666,0.8228287841191066,0.7839243498817967,0.802905569007264,0.6945054177649167,0.6558916115772986,0.6464739192151242,0.0021245275927588582
0.39,0.74,0.5428373516318563,0.58125,0.825199203187251,0.783451536643026,0.8037836526800873,0.7002678291124345,0.6541185619319085,0.6496654085768264,0.0021114776689704134
0.4,0.74,0.5474065762668703,0.58125,0.8272591113330005,0.783451536643026,0.8047595920349684,0.7056123073292532,0.6541185619319085,0.6533634835514971,0.002098427745181968
0.41,0.74,0.5225091646507087,0.55,0.8294884653961886,0.782033096926714,0.8050620588951083,0.7025094704498205,0.640820689591483,0.6458660164795619,0.002090597790908901
0.42,0.74,0.5252818362193362,0.55,0.8303212851405622,0.782033096926714,0.8054541027514001,0.7059669172583312,0.640820689591483,0.6482089749395415,0.002085377821393523
0.43,0.74,0.5127818362193362,0.5375,0.8302360622802611,0.7815602836879433,0.8051631758402338,0.700647768322161,0.6355015406553127,0.6428898260033713,0.002087987806151212
0.44,0.74,0.5089289693149988,0.53125,0.8309859154929577,0.7810874704491726,0.8052644406531806,0.7005591158398914,0.6328419661872277,0.6421215044903691,0.002085377821393523
0.45,0.74,0.5110123026483321,0.53125,0.8314041268243584,0.7810874704491726,0.8054607508532423,0.7032186903079765,0.6328419661872277,0.6438945541357591,0.002082767836635834
0.46,0.74,0.5121283740769036,0.53125,0.8326612903225806,0.7810874704491726,0.806050256160039,0.7036619527193241,0.6328419661872277,0.6444264690293762,0.002074937882362767
0.47,0.74,0.5148843344155845,0.53125,0.8351870576339737,0.7810874704491726,0.8072318592719276,0.7072967044923737,0.6328419661872277,0.6468074214103285,0.002059277973816633
0.48,0.74,0.5148843344155845,0.53125,0.8356095093576126,0.7810874704491726,0.8074291300097751,0.7072967044923737,0.6328419661872277,0.6468074214103285,0.002056667989058944
0.49,0.74,0.5107634552947052,0.5270833333333333,0.8355263157894737,0.7806146572104019,0.8071376191640186,0.7072967044923737,0.6310689165418375,0.6452116767294774,0.002059277973816633
0.5,0.74,0.5111068618881118,0.5270833333333333,0.8359493670886076,0.7806146572104019,0.8073349633251834,0.7099562789604589,0.6310689165418375,0.6457435916230945,0.002056667989058944
0.51,0.74,0.5128350815850815,0.5270833333333333,0.8367967562088191,0.7806146572104019,0.8077299412915852,0.7121725910171964,0.6310689165418375,0.6472126899007035,0.002051448019543566
0.52,0.74,0.5132567085692086,0.5229166666666666,0.8384146341463414,0.7801418439716312,0.8082292432035268,0.7210378392441467,0.6292958668964475,0.650201545017218,0.0020436180652704987
0.53,0.74,0.5068804459429459,0.5166666666666666,0.8387589013224822,0.7796690307328605,0.8081352609654496,0.7166052151306717,0.6266362924283624,0.647187360620055,0.0020436180652704987
0.54,0.74,0.5080884291362233,0.5166666666666666,0.8396130346232179,0.7796690307328605,0.8085315028193185,0.7189101796696786,0.6266362924283624,0.6483398428895585,0.0020383980957551207
0.55,0.74,0.5029747927725869,0.5104166666666666,0.8395313295975547,0.7791962174940898,0.8082393330063756,0.7180236548469836,0.6239767179602773,0.6467440982087074,0.00204100808051281
0.56,0.74,0.5066944340381839,0.5104166666666666,0.8416751787538305,0.7791962174940898,0.809231524674687,0.7223676264781892,0.6239767179602773,0.6497962765268431,0.0020279581567243647
0.57,0.74,0.49419443403818397,0.4979166666666666,0.8415942769545223,0.7787234042553192,0.8089390962671905,0.7170484775420191,0.6186575690241071,0.644477127590673,0.002030568141482054
0.58,0.74,0.49419443403818397,0.4979166666666666,0.8420245398773006,0.7787234042553192,0.8091378039793663,0.7170484775420191,0.6186575690241071,0.644477127590673,0.0020279581567243647
0.59,0.74,0.48863887848262844,0.4916666666666666,0.8419437340153453,0.7782505910165485,0.8088452088452088,0.7170484775420191,0.615997994556022,0.642704077945283,0.002030568141482054
0.6,0.74,0.4901145729270729,0.4916666666666666,0.8432377049180327,0.7782505910165485,0.8094418490287681,0.7210378392441467,0.615997994556022,0.6443504811874309,0.0020227381872089866
0.61,0.74,0.49125093656343655,0.4916666666666666,0.8436699128651973,0.7782505910165485,0.809640924741761,0.7228108888895369,0.615997994556022,0.645414310974665,0.002020128202451298
0.62,0.74,0.4893536151348652,0.4875,0.8444558521560575,0.7777777777777778,0.8097464927393552,0.7232541513008843,0.614224944910632,0.6452876645714228,0.0020175182176936086
0.63,0.74,0.48423997877122876,0.48125,0.8443759630200308,0.7773049645390071,0.8094534711964549,0.7223676264781892,0.6115653704425468,0.6436919198905717,0.002020128202451298
0.64,0.74,0.48076775654900655,0.475,0.8447300771208226,0.7768321513002364,0.80935960591133,0.7250272009462744,0.6089057959744617,0.6436919198905717,0.002020128202451298
0.65,0.74,0.46826775654900654,0.4625,0.8446502057613169,0.7763593380614657,0.8090662724809067,0.7197080520101041,0.6035866470382915,0.6383727709544015,0.0020227381872089866
0.66,0.74,0.44947196900321906,0.4416666666666666,0.8444100978876867,0.7749408983451537,0.8081854043392505,0.7117293286058488,0.5947213988113411,0.6311032674083022,0.002030568141482054
0.67,0.74,0.44947196900321906,0.4416666666666666,0.8444100978876867,0.7749408983451537,0.8081854043392505,0.7117293286058488,0.5947213988113411,0.6311032674083022,0.002030568141482054
0.68,0.74,0.42491388819513815,0.41666666666666663,0.8446050593701601,0.7735224586288416,0.807502467917078,0.7002045059108134,0.5840831009390007,0.6206422745005008,0.002035788110997432
0.69,0.74,0.4142446962759463,0.4041666666666666,0.8448810754912099,0.7725768321513002,0.8071128673746604,0.6993179810881184,0.5787639520028305,0.6172734801742596,0.0020383980957551207
0.7,0.74,0.4142446962759463,0.4041666666666666,0.8448810754912099,0.7725768321513002,0.8071128673746604,0.6993179810881184,0.5787639520028305,0.6172734801742596,0.0020383980957551207
0.71,0.74,0.4156335851648351,0.4041666666666666,0.8457556935817805,0.7725768321513002,0.8075117370892019,0.7046371300242886,0.5787639520028305,0.6190465298196497,0.0020331781262397427
0.72,0.74,0.39757802960927957,0.38541666666666663,0.8455958549222798,0.7716312056737589,0.8069221260815822,0.6993179810881184,0.5707852285985752,0.6119543312380895,0.0020383980957551207
0.73,0.74,0.38815342643467643,0.37499999999999994,0.8463136033229491,0.7706855791962175,0.8067310071764415,0.6984314562654232,0.5663526044850999,0.6087628418763874,0.0020383980957551207
0.74,0.74,0.38815342643467643,0.37499999999999994,0.8463136033229491,0.7706855791962175,0.8067310071764415,0.6984314562654232,0.5663526044850999,0.6087628418763874,0.0020383980957551207
0.75,0.74,0.38462778540903536,0.3708333333333333,0.8466735966735967,0.7702127659574468,0.8066353057687546,0.7002045059108135,0.5645795548397099,0.6078763170536923,0.0020383980957551207
0.76,0.74,0.38462778540903536,0.3708333333333333,0.8471138845553822,0.7702127659574468,0.8068350668647846,0.7002045059108135,0.5645795548397099,0.6078763170536923,0.002035788110997432
0.77,0.74,0.3722145909645909,0.3583333333333333,0.8473958333333333,0.7692671394799054,0.8064436183395292,0.6935555697406008,0.5592604059035396,0.6024305217142799,0.0020383980957551207
0.78,0.74,0.35614316239316235,0.3416666666666666,0.8472367049009385,0.7683215130023641,0.805851723282916,0.6882364208044305,0.5521682073219795,0.5960475429908756,0.0020436180652704987
0.79,0.74,0.35614316239316235,0.3416666666666666,0.8472367049009385,0.7683215130023641,0.805851723282916,0.6882364208044305,0.5521682073219795,0.5960475429908756,0.0020436180652704987
0.8,0.74,0.34364316239316234,0.32916666666666666,0.8471570161711007,0.7678486997635934,0.8055555555555556,0.6829172718682602,0.5468490583858092,0.5907283940547055,0.002046228050028188
0.81,0.74,0.33669871794871786,0.32291666666666663,0.8470772442588727,0.7673758865248227,0.8052592408831556,0.67759812293209,0.5441894839177241,0.5871822947639254,0.0020488380347858767
0.82,0.74,0.33669871794871786,0.32291666666666663,0.8470772442588727,0.7673758865248227,0.8052592408831556,0.67759812293209,0.5441894839177241,0.5871822947639254,0.0020488380347858767
0.83,0.74,0.32845695970695965,0.3145833333333333,0.8469174503657262,0.7664302600472813,0.8046661702655746,0.67759812293209,0.540643384626944,0.5839908054022231,0.0020540580043012548
0.84,0.74,0.32845695970695965,0.3145833333333333,0.8469174503657262,0.7664302600472813,0.8046661702655746,0.67759812293209,0.540643384626944,0.5839908054022231,0.0020540580043012548
0.85,0.74,0.3288003663003663,0.3145833333333333,0.847360167276529,0.7664302600472813,0.8048659384309831,0.6802576974001752,0.540643384626944,0.5845227202958402,0.002051448019543566
0.86,0.74,0.3163003663003663,0.3020833333333333,0.8472803347280334,0.7659574468085106,0.8045691581822697,0.6749385484640049,0.5353242356907737,0.5792035713596699,0.0020540580043012548
0.87,0.74,0.3038003663003663,0.2895833333333333,0.8472004186289901,0.76548463356974,0.8042722305017387,0.6696193995278347,0.5300050867546034,0.5738844224234997,0.002056667989058944
0.88,0.74,0.2932844932844933,0.2791666666666667,0.8470403352540598,0.7645390070921986,0.8036779324055666,0.6643002505916644,0.5255724626411283,0.5692744933454856,0.002061887958574322
0.89,0.74,0.28415750915750915,0.26875,0.8468799160985842,0.7635933806146572,0.8030830432620587,0.6643002505916644,0.5211398385276532,0.5664376139128615,0.0020671079280897
0.9,0.74,0.2522130647130647,0.2375,0.8465580662112454,0.7617021276595745,0.8018914883026381,0.6483428037831538,0.5078419661872277,0.5522532167497408,0.002077547867120456
0.91,0.74,0.24774877899877898,0.2333333333333333,0.8469226722777485,0.7612293144208038,0.8017928286852589,0.6456832293150687,0.5060689165418375,0.5501255571752728,0.002077547867120456
0.92,0.74,0.217239010989011,0.20416666666666666,0.8470464135021097,0.759338061465721,0.8007978060334081,0.6297257825065581,0.493657569024107,0.5361184649766912,0.002085377821393523
0.93,0.74,0.217239010989011,0.20416666666666666,0.8479408658922915,0.759338061465721,0.801197306061362,0.6297257825065581,0.493657569024107,0.5361184649766912,0.002080157851878145
0.94,0.74,0.20831807081807083,0.19583333333333333,0.8482284505552617,0.7583924349881797,0.800798801797304,0.6217470591023028,0.4901114697333269,0.531685840863216,0.002082767836635834
0.95,0.74,0.18276862026862026,0.1708333333333333,0.8478260869565217,0.7560283687943262,0.7993001749562609,0.6111087612299624,0.4794731718609865,0.5205156280972586,0.002095817760424279
